{"cameraMode":{"drawMode":0,"name":"Shaded","section":"Shading Mode"},"sceneLighting":false,"audioPlay":false,"sceneViewState":{"showFog":true,"showMaterialUpdate":false,"showSkybox":true,"showFlares":true,"showImageEffects":true,"showParticleSystems":true},"in2DMode":false,"pivot":{"x":-256.5691833496094,"y":6.89820671081543,"z":-14.943582534790039},"rotation":{"x":-0.0825205072760582,"y":0.7689861059188843,"z":-0.10140237957239151,"w":-0.6257798671722412},"size":89.01881408691406,"orthographic":false}