{"cameraMode":{"drawMode":0,"name":"Shaded","section":"Shading Mode"},"sceneLighting":false,"audioPlay":false,"sceneViewState":{"showFog":true,"showMaterialUpdate":false,"showSkybox":true,"showFlares":true,"showImageEffects":true,"showParticleSystems":true},"in2DMode":false,"pivot":{"x":57.65141296386719,"y":-25.36199951171875,"z":-8.937335968017579},"rotation":{"x":0.16268329322338105,"y":0.7978211045265198,"z":-0.2470657080411911,"w":0.525334894657135},"size":264.2955322265625,"orthographic":false}