{"cameraMode":{"drawMode":0,"name":"Shaded","section":"Shading Mode"},"sceneLighting":false,"audioPlay":false,"sceneViewState":{"showFog":true,"showMaterialUpdate":false,"showSkybox":true,"showFlares":true,"showImageEffects":true,"showParticleSystems":true},"in2DMode":false,"pivot":{"x":-2.4111220836639406,"y":-0.013633586466312409,"z":3.274618148803711},"rotation":{"x":-0.14304158091545106,"y":0.7809564471244812,"z":-0.19385480880737306,"w":-0.5762521624565125},"size":2.1943442821502687,"orthographic":false}