{"cameraMode":{"drawMode":0,"name":"Shaded","section":"Shading Mode"},"sceneLighting":false,"audioPlay":false,"sceneViewState":{"showFog":true,"showMaterialUpdate":false,"showSkybox":true,"showFlares":true,"showImageEffects":true,"showParticleSystems":true},"in2DMode":false,"pivot":{"x":-196.1521759033203,"y":29.3250675201416,"z":-1.7926076650619507},"rotation":{"x":0.16157235205173493,"y":-0.7172769904136658,"z":0.17713671922683717,"w":0.6542700529098511},"size":21.6632137298584,"orthographic":false}